Ivan,wkwkwkwk@gmail.com,123123
kdjnsmdk,rfklefklek@gmail.com,wewww
Tanyasha,tanyasha@gmail.com,123123
Danil,qweqwe@gmail.com,123456
Ivan Petrov,qwertyuiopp@gmail.com,123123
Danil,kksksksk@gmail.com,123123
Danil,kksksksk@gmail.com,123123
Danil,wuwiuwiwu@gmail.com,123456

YYY,sslkslks@gmail.com,123123
YYY,sslkslks@gmail.com,123123
Danil,ttttttt@gmail.com,123123
Danil,ttttt1tt@gmail.com,123123
Danil,ttttt1tt@gmail.com,123123
Danil,ttttt1wtt@gmail.com,123123
Danil,ttt4tt1wtt@gmail.com,123123
Danil,ttt4tt1wtt@gmail.com,123123
Ivan,dhdjhdjdh@gmail.com,123123
Danil,qwertyuiospp@gmail.com,123456
Danil,qwertyuiwospp@gmail.com,qwqwqw
Danil,qwertyuiwwospp@gmail.com,121212